"Cikkszám";"Rövid Leírás"
"EK8192";"A gold filled ékszerek tartós technológiával készült divatékszerek, melyek az aranyozott ékszerek minőségi, felső kategóriáját képviselik. Megszólalásig hasonlítanak az igazi aranyra, és a "szabályok betartásával" hosszú évekig megőrzik szépségüket. FONTOS: Az ékszereket soha ne fújjuk le parfümmel, fürdésnél vegyük le, uszodába ne hordjuk! (A különféle vegyszeres anyagokat azért nem szeretik. :D ) Más divatékszerekhez képest sokkal nagyobb kopásállósággal rendelkeznek, nikkel és ólommentesek, így fémallergiások is bátran viselhetik őket."
"EK8518";"A gold filled ékszerek tartós technológiával készült divatékszerek, melyek az aranyozott ékszerek minőségi, felső kategóriáját képviselik. Megszólalásig hasonlítanak az igazi aranyra, és a "szabályok betartásával" hosszú évekig megőrzik szépségüket. FONTOS: Az ékszereket soha ne fújjuk le parfümmel, fürdésnél vegyük le, uszodába ne hordjuk! (A különféle vegyszeres anyagokat azért nem szeretik. :D ) Más divatékszerekhez képest sokkal nagyobb kopásállósággal rendelkeznek, nikkel és ólommentesek, így fémallergiások is bátran viselhetik őket."
"EK8185";"A gold filled ékszerek tartós technológiával készült divatékszerek, melyek az aranyozott ékszerek minőségi, felső kategóriáját képviselik. Megszólalásig hasonlítanak az igazi aranyra, és a "szabályok betartásával" hosszú évekig megőrzik szépségüket. FONTOS: Az ékszereket soha ne fújjuk le parfümmel, fürdésnél vegyük le, uszodába ne hordjuk! (A különféle vegyszeres anyagokat azért nem szeretik. :D ) Más divatékszerekhez képest sokkal nagyobb kopásállósággal rendelkeznek, nikkel és ólommentesek, így fémallergiások is bátran viselhetik őket."
"EK7409";"A gold filled ékszerek tartós technológiával készült divatékszerek, melyek az aranyozott ékszerek minőségi, felső kategóriáját képviselik. Megszólalásig hasonlítanak az igazi aranyra, és a "szabályok betartásával" hosszú évekig megőrzik szépségüket. FONTOS: Az ékszereket soha ne fújjuk le parfümmel, fürdésnél vegyük le, uszodába ne hordjuk! (A különféle vegyszeres anyagokat azért nem szeretik. :D ) Más divatékszerekhez képest sokkal nagyobb kopásállósággal rendelkeznek, nikkel és ólommentesek, így fémallergiások is bátran viselhetik őket."
"EK8235";"A gold filled ékszerek tartós technológiával készült divatékszerek, melyek az aranyozott ékszerek minőségi, felső kategóriáját képviselik. Megszólalásig hasonlítanak az igazi aranyra, és a "szabályok betartásával" hosszú évekig megőrzik szépségüket. FONTOS: Az ékszereket soha ne fújjuk le parfümmel, fürdésnél vegyük le, uszodába ne hordjuk! (A különféle vegyszeres anyagokat azért nem szeretik. :D ) Más divatékszerekhez képest sokkal nagyobb kopásállósággal rendelkeznek, nikkel és ólommentesek, így fémallergiások is bátran viselhetik őket."
"EK8046";"A gold filled ékszerek tartós technológiával készült divatékszerek, melyek az aranyozott ékszerek minőségi, felső kategóriáját képviselik. Megszólalásig hasonlítanak az igazi aranyra, és a "szabályok betartásával" hosszú évekig megőrzik szépségüket. FONTOS: Az ékszereket soha ne fújjuk le parfümmel, fürdésnél vegyük le, uszodába ne hordjuk! (A különféle vegyszeres anyagokat azért nem szeretik. :D ) Más divatékszerekhez képest sokkal nagyobb kopásállósággal rendelkeznek, nikkel és ólommentesek, így fémallergiások is bátran viselhetik őket."
"EK8236";"A gold filled ékszerek tartós technológiával készült divatékszerek, melyek az aranyozott ékszerek minőségi, felső kategóriáját képviselik. Megszólalásig hasonlítanak az igazi aranyra, és a "szabályok betartásával" hosszú évekig megőrzik szépségüket. FONTOS: Az ékszereket soha ne fújjuk le parfümmel, fürdésnél vegyük le, uszodába ne hordjuk! (A különféle vegyszeres anyagokat azért nem szeretik. :D ) Más divatékszerekhez képest sokkal nagyobb kopásállósággal rendelkeznek, nikkel és ólommentesek, így fémallergiások is bátran viselhetik őket."
"EK8256";"A gold filled ékszerek tartós technológiával készült divatékszerek, melyek az aranyozott ékszerek minőségi, felső kategóriáját képviselik. Megszólalásig hasonlítanak az igazi aranyra, és a "szabályok betartásával" hosszú évekig megőrzik szépségüket. FONTOS: Az ékszereket soha ne fújjuk le parfümmel, fürdésnél vegyük le, uszodába ne hordjuk! (A különféle vegyszeres anyagokat azért nem szeretik. :D ) Más divatékszerekhez képest sokkal nagyobb kopásállósággal rendelkeznek, nikkel és ólommentesek, így fémallergiások is bátran viselhetik őket."
"EK7679";"A gold filled ékszerek tartós technológiával készült divatékszerek, melyek az aranyozott ékszerek minőségi, felső kategóriáját képviselik. Megszólalásig hasonlítanak az igazi aranyra, és a "szabályok betartásával" hosszú évekig megőrzik szépségüket. FONTOS: Az ékszereket soha ne fújjuk le parfümmel, fürdésnél vegyük le, uszodába ne hordjuk! (A különféle vegyszeres anyagokat azért nem szeretik. :D ) Más divatékszerekhez képest sokkal nagyobb kopásállósággal rendelkeznek, nikkel és ólommentesek, így fémallergiások is bátran viselhetik őket."
"EK7680";"A gold filled ékszerek tartós technológiával készült divatékszerek, melyek az aranyozott ékszerek minőségi, felső kategóriáját képviselik. Megszólalásig hasonlítanak az igazi aranyra, és a "szabályok betartásával" hosszú évekig megőrzik szépségüket. FONTOS: Az ékszereket soha ne fújjuk le parfümmel, fürdésnél vegyük le, uszodába ne hordjuk! (A különféle vegyszeres anyagokat azért nem szeretik. :D ) Más divatékszerekhez képest sokkal nagyobb kopásállósággal rendelkeznek, nikkel és ólommentesek, így fémallergiások is bátran viselhetik őket."
"EK7985";"A gold filled ékszerek tartós technológiával készült divatékszerek, melyek az aranyozott ékszerek minőségi, felső kategóriáját képviselik. Megszólalásig hasonlítanak az igazi aranyra, és a "szabályok betartásával" hosszú évekig megőrzik szépségüket. FONTOS: Az ékszereket soha ne fújjuk le parfümmel, fürdésnél vegyük le, uszodába ne hordjuk! (A különféle vegyszeres anyagokat azért nem szeretik. :D ) Más divatékszerekhez képest sokkal nagyobb kopásállósággal rendelkeznek, nikkel és ólommentesek, így fémallergiások is bátran viselhetik őket."
"EK8111";"A gold filled ékszerek tartós technológiával készült divatékszerek, melyek az aranyozott ékszerek minőségi, felső kategóriáját képviselik. Megszólalásig hasonlítanak az igazi aranyra, és a "szabályok betartásával" hosszú évekig megőrzik szépségüket. FONTOS: Az ékszereket soha ne fújjuk le parfümmel, fürdésnél vegyük le, uszodába ne hordjuk! (A különféle vegyszeres anyagokat azért nem szeretik. :D ) Más divatékszerekhez képest sokkal nagyobb kopásállósággal rendelkeznek, nikkel és ólommentesek, így fémallergiások is bátran viselhetik őket."
"EK8110";"A gold filled ékszerek tartós technológiával készült divatékszerek, melyek az aranyozott ékszerek minőségi, felső kategóriáját képviselik. Megszólalásig hasonlítanak az igazi aranyra, és a "szabályok betartásával" hosszú évekig megőrzik szépségüket. FONTOS: Az ékszereket soha ne fújjuk le parfümmel, fürdésnél vegyük le, uszodába ne hordjuk! (A különféle vegyszeres anyagokat azért nem szeretik. :D ) Más divatékszerekhez képest sokkal nagyobb kopásállósággal rendelkeznek, nikkel és ólommentesek, így fémallergiások is bátran viselhetik őket."
"EK8112";"A gold filled ékszerek tartós technológiával készült divatékszerek, melyek az aranyozott ékszerek minőségi, felső kategóriáját képviselik. Megszólalásig hasonlítanak az igazi aranyra, és a "szabályok betartásával" hosszú évekig megőrzik szépségüket. FONTOS: Az ékszereket soha ne fújjuk le parfümmel, fürdésnél vegyük le, uszodába ne hordjuk! (A különféle vegyszeres anyagokat azért nem szeretik. :D ) Más divatékszerekhez képest sokkal nagyobb kopásállósággal rendelkeznek, nikkel és ólommentesek, így fémallergiások is bátran viselhetik őket."
"EK8261";"A gold filled ékszerek tartós technológiával készült divatékszerek, melyek az aranyozott ékszerek minőségi, felső kategóriáját képviselik. Megszólalásig hasonlítanak az igazi aranyra, és a "szabályok betartásával" hosszú évekig megőrzik szépségüket. FONTOS: Az ékszereket soha ne fújjuk le parfümmel, fürdésnél vegyük le, uszodába ne hordjuk! (A különféle vegyszeres anyagokat azért nem szeretik. :D ) Más divatékszerekhez képest sokkal nagyobb kopásállósággal rendelkeznek, nikkel és ólommentesek, így fémallergiások is bátran viselhetik őket."
"EK8501";"A gold filled ékszerek tartós technológiával készült divatékszerek, melyek az aranyozott ékszerek minőségi, felső kategóriáját képviselik. Megszólalásig hasonlítanak az igazi aranyra, és a "szabályok betartásával" hosszú évekig megőrzik szépségüket. FONTOS: Az ékszereket soha ne fújjuk le parfümmel, fürdésnél vegyük le, uszodába ne hordjuk! (A különféle vegyszeres anyagokat azért nem szeretik. :D ) Más divatékszerekhez képest sokkal nagyobb kopásállósággal rendelkeznek, nikkel és ólommentesek, így fémallergiások is bátran viselhetik őket."
"EK7657";"A gold filled ékszerek tartós technológiával készült divatékszerek, melyek az aranyozott ékszerek minőségi, felső kategóriáját képviselik. Megszólalásig hasonlítanak az igazi aranyra, és a "szabályok betartásával" hosszú évekig megőrzik szépségüket. FONTOS: Az ékszereket soha ne fújjuk le parfümmel, fürdésnél vegyük le, uszodába ne hordjuk! (A különféle vegyszeres anyagokat azért nem szeretik. :D ) Más divatékszerekhez képest sokkal nagyobb kopásállósággal rendelkeznek, nikkel és ólommentesek, így fémallergiások is bátran viselhetik őket."
"EK8257";"A gold filled ékszerek tartós technológiával készült divatékszerek, melyek az aranyozott ékszerek minőségi, felső kategóriáját képviselik. Megszólalásig hasonlítanak az igazi aranyra, és a "szabályok betartásával" hosszú évekig megőrzik szépségüket. FONTOS: Az ékszereket soha ne fújjuk le parfümmel, fürdésnél vegyük le, uszodába ne hordjuk! (A különféle vegyszeres anyagokat azért nem szeretik. :D ) Más divatékszerekhez képest sokkal nagyobb kopásállósággal rendelkeznek, nikkel és ólommentesek, így fémallergiások is bátran viselhetik őket."
"EK8187";"A gold filled ékszerek tartós technológiával készült divatékszerek, melyek az aranyozott ékszerek minőségi, felső kategóriáját képviselik. Megszólalásig hasonlítanak az igazi aranyra, és a "szabályok betartásával" hosszú évekig megőrzik szépségüket. FONTOS: Az ékszereket soha ne fújjuk le parfümmel, fürdésnél vegyük le, uszodába ne hordjuk! (A különféle vegyszeres anyagokat azért nem szeretik. :D ) Más divatékszerekhez képest sokkal nagyobb kopásállósággal rendelkeznek, nikkel és ólommentesek, így fémallergiások is bátran viselhetik őket."
"EK8237";"A gold filled ékszerek tartós technológiával készült divatékszerek, melyek az aranyozott ékszerek minőségi, felső kategóriáját képviselik. Megszólalásig hasonlítanak az igazi aranyra, és a "szabályok betartásával" hosszú évekig megőrzik szépségüket. FONTOS: Az ékszereket soha ne fújjuk le parfümmel, fürdésnél vegyük le, uszodába ne hordjuk! (A különféle vegyszeres anyagokat azért nem szeretik. :D ) Más divatékszerekhez képest sokkal nagyobb kopásállósággal rendelkeznek, nikkel és ólommentesek, így fémallergiások is bátran viselhetik őket."
"EK8238";"A gold filled ékszerek tartós technológiával készült divatékszerek, melyek az aranyozott ékszerek minőségi, felső kategóriáját képviselik. Megszólalásig hasonlítanak az igazi aranyra, és a "szabályok betartásával" hosszú évekig megőrzik szépségüket. FONTOS: Az ékszereket soha ne fújjuk le parfümmel, fürdésnél vegyük le, uszodába ne hordjuk! (A különféle vegyszeres anyagokat azért nem szeretik. :D ) Más divatékszerekhez képest sokkal nagyobb kopásállósággal rendelkeznek, nikkel és ólommentesek, így fémallergiások is bátran viselhetik őket."
"EK7727";"A gold filled ékszerek tartós technológiával készült divatékszerek, melyek az aranyozott ékszerek minőségi, felső kategóriáját képviselik. Megszólalásig hasonlítanak az igazi aranyra, és a "szabályok betartásával" hosszú évekig megőrzik szépségüket. FONTOS: Az ékszereket soha ne fújjuk le parfümmel, fürdésnél vegyük le, uszodába ne hordjuk! (A különféle vegyszeres anyagokat azért nem szeretik. :D ) Más divatékszerekhez képest sokkal nagyobb kopásállósággal rendelkeznek, nikkel és ólommentesek, így fémallergiások is bátran viselhetik őket."
"EK8527";"A gold filled ékszerek tartós technológiával készült divatékszerek, melyek az aranyozott ékszerek minőségi, felső kategóriáját képviselik. Megszólalásig hasonlítanak az igazi aranyra, és a "szabályok betartásával" hosszú évekig megőrzik szépségüket. FONTOS: Az ékszereket soha ne fújjuk le parfümmel, fürdésnél vegyük le, uszodába ne hordjuk! (A különféle vegyszeres anyagokat azért nem szeretik. :D ) Más divatékszerekhez képest sokkal nagyobb kopásállósággal rendelkeznek, nikkel és ólommentesek, így fémallergiások is bátran viselhetik őket."
"EK8050";"A gold filled ékszerek tartós technológiával készült divatékszerek, melyek az aranyozott ékszerek minőségi, felső kategóriáját képviselik. Megszólalásig hasonlítanak az igazi aranyra, és a "szabályok betartásával" hosszú évekig megőrzik szépségüket. FONTOS: Az ékszereket soha ne fújjuk le parfümmel, fürdésnél vegyük le, uszodába ne hordjuk! (A különféle vegyszeres anyagokat azért nem szeretik. :D ) Más divatékszerekhez képest sokkal nagyobb kopásállósággal rendelkeznek, nikkel és ólommentesek, így fémallergiások is bátran viselhetik őket."
"EK8219";"A gold filled ékszerek tartós technológiával készült divatékszerek, melyek az aranyozott ékszerek minőségi, felső kategóriáját képviselik. Megszólalásig hasonlítanak az igazi aranyra, és a "szabályok betartásával" hosszú évekig megőrzik szépségüket. FONTOS: Az ékszereket soha ne fújjuk le parfümmel, fürdésnél vegyük le, uszodába ne hordjuk! (A különféle vegyszeres anyagokat azért nem szeretik. :D ) Más divatékszerekhez képest sokkal nagyobb kopásállósággal rendelkeznek, nikkel és ólommentesek, így fémallergiások is bátran viselhetik őket."
"EK8221";"A gold filled ékszerek tartós technológiával készült divatékszerek, melyek az aranyozott ékszerek minőségi, felső kategóriáját képviselik. Megszólalásig hasonlítanak az igazi aranyra, és a "szabályok betartásával" hosszú évekig megőrzik szépségüket. FONTOS: Az ékszereket soha ne fújjuk le parfümmel, fürdésnél vegyük le, uszodába ne hordjuk! (A különféle vegyszeres anyagokat azért nem szeretik. :D ) Más divatékszerekhez képest sokkal nagyobb kopásállósággal rendelkeznek, nikkel és ólommentesek, így fémallergiások is bátran viselhetik őket."
"EK8260";"A gold filled ékszerek tartós technológiával készült divatékszerek, melyek az aranyozott ékszerek minőségi, felső kategóriáját képviselik. Megszólalásig hasonlítanak az igazi aranyra, és a "szabályok betartásával" hosszú évekig megőrzik szépségüket. FONTOS: Az ékszereket soha ne fújjuk le parfümmel, fürdésnél vegyük le, uszodába ne hordjuk! (A különféle vegyszeres anyagokat azért nem szeretik. :D ) Más divatékszerekhez képest sokkal nagyobb kopásállósággal rendelkeznek, nikkel és ólommentesek, így fémallergiások is bátran viselhetik őket."
"EK8505";"A gold filled ékszerek tartós technológiával készült divatékszerek, melyek az aranyozott ékszerek minőségi, felső kategóriáját képviselik. Megszólalásig hasonlítanak az igazi aranyra, és a "szabályok betartásával" hosszú évekig megőrzik szépségüket. FONTOS: Az ékszereket soha ne fújjuk le parfümmel, fürdésnél vegyük le, uszodába ne hordjuk! (A különféle vegyszeres anyagokat azért nem szeretik. :D ) Más divatékszerekhez képest sokkal nagyobb kopásállósággal rendelkeznek, nikkel és ólommentesek, így fémallergiások is bátran viselhetik őket."
"EK7511";"A gold filled ékszerek tartós technológiával készült divatékszerek, melyek az aranyozott ékszerek minőségi, felső kategóriáját képviselik. Megszólalásig hasonlítanak az igazi aranyra, és a "szabályok betartásával" hosszú évekig megőrzik szépségüket. FONTOS: Az ékszereket soha ne fújjuk le parfümmel, fürdésnél vegyük le, uszodába ne hordjuk! (A különféle vegyszeres anyagokat azért nem szeretik. :D ) Más divatékszerekhez képest sokkal nagyobb kopásállósággal rendelkeznek, nikkel és ólommentesek, így fémallergiások is bátran viselhetik őket."
"EK8188";"A gold filled ékszerek tartós technológiával készült divatékszerek, melyek az aranyozott ékszerek minőségi, felső kategóriáját képviselik. Megszólalásig hasonlítanak az igazi aranyra, és a "szabályok betartásával" hosszú évekig megőrzik szépségüket. FONTOS: Az ékszereket soha ne fújjuk le parfümmel, fürdésnél vegyük le, uszodába ne hordjuk! (A különféle vegyszeres anyagokat azért nem szeretik. :D ) Más divatékszerekhez képest sokkal nagyobb kopásállósággal rendelkeznek, nikkel és ólommentesek, így fémallergiások is bátran viselhetik őket."
"EK7943";"A gold filled ékszerek tartós technológiával készült divatékszerek, melyek az aranyozott ékszerek minőségi, felső kategóriáját képviselik. Megszólalásig hasonlítanak az igazi aranyra, és a "szabályok betartásával" hosszú évekig megőrzik szépségüket. FONTOS: Az ékszereket soha ne fújjuk le parfümmel, fürdésnél vegyük le, uszodába ne hordjuk! (A különféle vegyszeres anyagokat azért nem szeretik. :D ) Más divatékszerekhez képest sokkal nagyobb kopásállósággal rendelkeznek, nikkel és ólommentesek, így fémallergiások is bátran viselhetik őket."
"EK8459";"A gold filled ékszerek tartós technológiával készült divatékszerek, melyek az aranyozott ékszerek minőségi, felső kategóriáját képviselik. Megszólalásig hasonlítanak az igazi aranyra, és a "szabályok betartásával" hosszú évekig megőrzik szépségüket. FONTOS: Az ékszereket soha ne fújjuk le parfümmel, fürdésnél vegyük le, uszodába ne hordjuk! (A különféle vegyszeres anyagokat azért nem szeretik. :D ) Más divatékszerekhez képest sokkal nagyobb kopásállósággal rendelkeznek, nikkel és ólommentesek, így fémallergiások is bátran viselhetik őket."
"EK8460";"A gold filled ékszerek tartós technológiával készült divatékszerek, melyek az aranyozott ékszerek minőségi, felső kategóriáját képviselik. Megszólalásig hasonlítanak az igazi aranyra, és a "szabályok betartásával" hosszú évekig megőrzik szépségüket. FONTOS: Az ékszereket soha ne fújjuk le parfümmel, fürdésnél vegyük le, uszodába ne hordjuk! (A különféle vegyszeres anyagokat azért nem szeretik. :D ) Más divatékszerekhez képest sokkal nagyobb kopásállósággal rendelkeznek, nikkel és ólommentesek, így fémallergiások is bátran viselhetik őket."
"EK8529";"A gold filled ékszerek tartós technológiával készült divatékszerek, melyek az aranyozott ékszerek minőségi, felső kategóriáját képviselik. Megszólalásig hasonlítanak az igazi aranyra, és a "szabályok betartásával" hosszú évekig megőrzik szépségüket. FONTOS: Az ékszereket soha ne fújjuk le parfümmel, fürdésnél vegyük le, uszodába ne hordjuk! (A különféle vegyszeres anyagokat azért nem szeretik. :D ) Más divatékszerekhez képest sokkal nagyobb kopásállósággal rendelkeznek, nikkel és ólommentesek, így fémallergiások is bátran viselhetik őket."
"EK8516";"A gold filled ékszerek tartós technológiával készült divatékszerek, melyek az aranyozott ékszerek minőségi, felső kategóriáját képviselik. Megszólalásig hasonlítanak az igazi aranyra, és a "szabályok betartásával" hosszú évekig megőrzik szépségüket. FONTOS: Az ékszereket soha ne fújjuk le parfümmel, fürdésnél vegyük le, uszodába ne hordjuk! (A különféle vegyszeres anyagokat azért nem szeretik. :D ) Más divatékszerekhez képest sokkal nagyobb kopásállósággal rendelkeznek, nikkel és ólommentesek, így fémallergiások is bátran viselhetik őket."
"EK8086";"A gold filled ékszerek tartós technológiával készült divatékszerek, melyek az aranyozott ékszerek minőségi, felső kategóriáját képviselik. Megszólalásig hasonlítanak az igazi aranyra, és a "szabályok betartásával" hosszú évekig megőrzik szépségüket. FONTOS: Az ékszereket soha ne fújjuk le parfümmel, fürdésnél vegyük le, uszodába ne hordjuk! (A különféle vegyszeres anyagokat azért nem szeretik. :D ) Más divatékszerekhez képest sokkal nagyobb kopásállósággal rendelkeznek, nikkel és ólommentesek, így fémallergiások is bátran viselhetik őket."
"EK7737";"A gold filled ékszerek tartós technológiával készült divatékszerek, melyek az aranyozott ékszerek minőségi, felső kategóriáját képviselik. Megszólalásig hasonlítanak az igazi aranyra, és a "szabályok betartásával" hosszú évekig megőrzik szépségüket. FONTOS: Az ékszereket soha ne fújjuk le parfümmel, fürdésnél vegyük le, uszodába ne hordjuk! (A különféle vegyszeres anyagokat azért nem szeretik. :D ) Más divatékszerekhez képest sokkal nagyobb kopásállósággal rendelkeznek, nikkel és ólommentesek, így fémallergiások is bátran viselhetik őket."
"EK8093";"A gold filled ékszerek tartós technológiával készült divatékszerek, melyek az aranyozott ékszerek minőségi, felső kategóriáját képviselik. Megszólalásig hasonlítanak az igazi aranyra, és a "szabályok betartásával" hosszú évekig megőrzik szépségüket. FONTOS: Az ékszereket soha ne fújjuk le parfümmel, fürdésnél vegyük le, uszodába ne hordjuk! (A különféle vegyszeres anyagokat azért nem szeretik. :D ) Más divatékszerekhez képest sokkal nagyobb kopásállósággal rendelkeznek, nikkel és ólommentesek, így fémallergiások is bátran viselhetik őket."
"EK8206";"A gold filled ékszerek tartós technológiával készült divatékszerek, melyek az aranyozott ékszerek minőségi, felső kategóriáját képviselik. Megszólalásig hasonlítanak az igazi aranyra, és a "szabályok betartásával" hosszú évekig megőrzik szépségüket. FONTOS: Az ékszereket soha ne fújjuk le parfümmel, fürdésnél vegyük le, uszodába ne hordjuk! (A különféle vegyszeres anyagokat azért nem szeretik. :D ) Más divatékszerekhez képest sokkal nagyobb kopásállósággal rendelkeznek, nikkel és ólommentesek, így fémallergiások is bátran viselhetik őket."
"EK8091";"A gold filled ékszerek tartós technológiával készült divatékszerek, melyek az aranyozott ékszerek minőségi, felső kategóriáját képviselik. Megszólalásig hasonlítanak az igazi aranyra, és a "szabályok betartásával" hosszú évekig megőrzik szépségüket. FONTOS: Az ékszereket soha ne fújjuk le parfümmel, fürdésnél vegyük le, uszodába ne hordjuk! (A különféle vegyszeres anyagokat azért nem szeretik. :D ) Más divatékszerekhez képest sokkal nagyobb kopásállósággal rendelkeznek, nikkel és ólommentesek, így fémallergiások is bátran viselhetik őket."
"EK8525";"A gold filled ékszerek tartós technológiával készült divatékszerek, melyek az aranyozott ékszerek minőségi, felső kategóriáját képviselik. Megszólalásig hasonlítanak az igazi aranyra, és a "szabályok betartásával" hosszú évekig megőrzik szépségüket. FONTOS: Az ékszereket soha ne fújjuk le parfümmel, fürdésnél vegyük le, uszodába ne hordjuk! (A különféle vegyszeres anyagokat azért nem szeretik. :D ) Más divatékszerekhez képest sokkal nagyobb kopásállósággal rendelkeznek, nikkel és ólommentesek, így fémallergiások is bátran viselhetik őket."
"EK8492";"A gold filled ékszerek tartós technológiával készült divatékszerek, melyek az aranyozott ékszerek minőségi, felső kategóriáját képviselik. Megszólalásig hasonlítanak az igazi aranyra, és a "szabályok betartásával" hosszú évekig megőrzik szépségüket. FONTOS: Az ékszereket soha ne fújjuk le parfümmel, fürdésnél vegyük le, uszodába ne hordjuk! (A különféle vegyszeres anyagokat azért nem szeretik. :D ) Más divatékszerekhez képest sokkal nagyobb kopásállósággal rendelkeznek, nikkel és ólommentesek, így fémallergiások is bátran viselhetik őket."
"EK8080";"A gold filled ékszerek tartós technológiával készült divatékszerek, melyek az aranyozott ékszerek minőségi, felső kategóriáját képviselik. Megszólalásig hasonlítanak az igazi aranyra, és a "szabályok betartásával" hosszú évekig megőrzik szépségüket. FONTOS: Az ékszereket soha ne fújjuk le parfümmel, fürdésnél vegyük le, uszodába ne hordjuk! (A különféle vegyszeres anyagokat azért nem szeretik. :D ) Más divatékszerekhez képest sokkal nagyobb kopásállósággal rendelkeznek, nikkel és ólommentesek, így fémallergiások is bátran viselhetik őket."
"EK8040";"A gold filled ékszerek tartós technológiával készült divatékszerek, melyek az aranyozott ékszerek minőségi, felső kategóriáját képviselik. Megszólalásig hasonlítanak az igazi aranyra, és a "szabályok betartásával" hosszú évekig megőrzik szépségüket. FONTOS: Az ékszereket soha ne fújjuk le parfümmel, fürdésnél vegyük le, uszodába ne hordjuk! (A különféle vegyszeres anyagokat azért nem szeretik. :D ) Más divatékszerekhez képest sokkal nagyobb kopásállósággal rendelkeznek, nikkel és ólommentesek, így fémallergiások is bátran viselhetik őket."
"EK8160";"A gold filled ékszerek tartós technológiával készült divatékszerek, melyek az aranyozott ékszerek minőségi, felső kategóriáját képviselik. Megszólalásig hasonlítanak az igazi aranyra, és a "szabályok betartásával" hosszú évekig megőrzik szépségüket. FONTOS: Az ékszereket soha ne fújjuk le parfümmel, fürdésnél vegyük le, uszodába ne hordjuk! (A különféle vegyszeres anyagokat azért nem szeretik. :D ) Más divatékszerekhez képest sokkal nagyobb kopásállósággal rendelkeznek, nikkel és ólommentesek, így fémallergiások is bátran viselhetik őket."
"EK8033";"A gold filled ékszerek tartós technológiával készült divatékszerek, melyek az aranyozott ékszerek minőségi, felső kategóriáját képviselik. Megszólalásig hasonlítanak az igazi aranyra, és a "szabályok betartásával" hosszú évekig megőrzik szépségüket. FONTOS: Az ékszereket soha ne fújjuk le parfümmel, fürdésnél vegyük le, uszodába ne hordjuk! (A különféle vegyszeres anyagokat azért nem szeretik. :D ) Más divatékszerekhez képest sokkal nagyobb kopásállósággal rendelkeznek, nikkel és ólommentesek, így fémallergiások is bátran viselhetik őket."
"EK8042";"A gold filled ékszerek tartós technológiával készült divatékszerek, melyek az aranyozott ékszerek minőségi, felső kategóriáját képviselik. Megszólalásig hasonlítanak az igazi aranyra, és a "szabályok betartásával" hosszú évekig megőrzik szépségüket. FONTOS: Az ékszereket soha ne fújjuk le parfümmel, fürdésnél vegyük le, uszodába ne hordjuk! (A különféle vegyszeres anyagokat azért nem szeretik. :D ) Más divatékszerekhez képest sokkal nagyobb kopásállósággal rendelkeznek, nikkel és ólommentesek, így fémallergiások is bátran viselhetik őket."
"EK8213";"A gold filled ékszerek tartós technológiával készült divatékszerek, melyek az aranyozott ékszerek minőségi, felső kategóriáját képviselik. Megszólalásig hasonlítanak az igazi aranyra, és a "szabályok betartásával" hosszú évekig megőrzik szépségüket. FONTOS: Az ékszereket soha ne fújjuk le parfümmel, fürdésnél vegyük le, uszodába ne hordjuk! (A különféle vegyszeres anyagokat azért nem szeretik. :D ) Más divatékszerekhez képest sokkal nagyobb kopásállósággal rendelkeznek, nikkel és ólommentesek, így fémallergiások is bátran viselhetik őket."
"EK8081";"A gold filled ékszerek tartós technológiával készült divatékszerek, melyek az aranyozott ékszerek minőségi, felső kategóriáját képviselik. Megszólalásig hasonlítanak az igazi aranyra, és a "szabályok betartásával" hosszú évekig megőrzik szépségüket. FONTOS: Az ékszereket soha ne fújjuk le parfümmel, fürdésnél vegyük le, uszodába ne hordjuk! (A különféle vegyszeres anyagokat azért nem szeretik. :D ) Más divatékszerekhez képest sokkal nagyobb kopásállósággal rendelkeznek, nikkel és ólommentesek, így fémallergiások is bátran viselhetik őket."
"EK8039";"A gold filled ékszerek tartós technológiával készült divatékszerek, melyek az aranyozott ékszerek minőségi, felső kategóriáját képviselik. Megszólalásig hasonlítanak az igazi aranyra, és a "szabályok betartásával" hosszú évekig megőrzik szépségüket. FONTOS: Az ékszereket soha ne fújjuk le parfümmel, fürdésnél vegyük le, uszodába ne hordjuk! (A különféle vegyszeres anyagokat azért nem szeretik. :D ) Más divatékszerekhez képest sokkal nagyobb kopásállósággal rendelkeznek, nikkel és ólommentesek, így fémallergiások is bátran viselhetik őket."
"EK8034";"A gold filled ékszerek tartós technológiával készült divatékszerek, melyek az aranyozott ékszerek minőségi, felső kategóriáját képviselik. Megszólalásig hasonlítanak az igazi aranyra, és a "szabályok betartásával" hosszú évekig megőrzik szépségüket. FONTOS: Az ékszereket soha ne fújjuk le parfümmel, fürdésnél vegyük le, uszodába ne hordjuk! (A különféle vegyszeres anyagokat azért nem szeretik. :D ) Más divatékszerekhez képest sokkal nagyobb kopásállósággal rendelkeznek, nikkel és ólommentesek, így fémallergiások is bátran viselhetik őket."
"EK8517";"A gold filled ékszerek tartós technológiával készült divatékszerek, melyek az aranyozott ékszerek minőségi, felső kategóriáját képviselik. Megszólalásig hasonlítanak az igazi aranyra, és a "szabályok betartásával" hosszú évekig megőrzik szépségüket. FONTOS: Az ékszereket soha ne fújjuk le parfümmel, fürdésnél vegyük le, uszodába ne hordjuk! (A különféle vegyszeres anyagokat azért nem szeretik. :D ) Más divatékszerekhez képest sokkal nagyobb kopásállósággal rendelkeznek, nikkel és ólommentesek, így fémallergiások is bátran viselhetik őket."
"EK8142";"A gold filled ékszerek tartós technológiával készült divatékszerek, melyek az aranyozott ékszerek minőségi, felső kategóriáját képviselik. Megszólalásig hasonlítanak az igazi aranyra, és a "szabályok betartásával" hosszú évekig megőrzik szépségüket. FONTOS: Az ékszereket soha ne fújjuk le parfümmel, fürdésnél vegyük le, uszodába ne hordjuk! (A különféle vegyszeres anyagokat azért nem szeretik. :D ) Más divatékszerekhez képest sokkal nagyobb kopásállósággal rendelkeznek, nikkel és ólommentesek, így fémallergiások is bátran viselhetik őket."
"EK8010";"A gold filled ékszerek tartós technológiával készült divatékszerek, melyek az aranyozott ékszerek minőségi, felső kategóriáját képviselik. Megszólalásig hasonlítanak az igazi aranyra, és a "szabályok betartásával" hosszú évekig megőrzik szépségüket. FONTOS: Az ékszereket soha ne fújjuk le parfümmel, fürdésnél vegyük le, uszodába ne hordjuk! (A különféle vegyszeres anyagokat azért nem szeretik. :D ) Más divatékszerekhez képest sokkal nagyobb kopásállósággal rendelkeznek, nikkel és ólommentesek, így fémallergiások is bátran viselhetik őket."
"EK4769";"A gold filled ékszerek tartós technológiával készült divatékszerek, melyek az aranyozott ékszerek minőségi, felső kategóriáját képviselik. Megszólalásig hasonlítanak az igazi aranyra, és a "szabályok betartásával" hosszú évekig megőrzik szépségüket. FONTOS: Az ékszereket soha ne fújjuk le parfümmel, fürdésnél vegyük le, uszodába ne hordjuk! (A különféle vegyszeres anyagokat azért nem szeretik. :D ) Más divatékszerekhez képest sokkal nagyobb kopásállósággal rendelkeznek, nikkel és ólommentesek, így fémallergiások is bátran viselhetik őket."
"EK8083";"A gold filled ékszerek tartós technológiával készült divatékszerek, melyek az aranyozott ékszerek minőségi, felső kategóriáját képviselik. Megszólalásig hasonlítanak az igazi aranyra, és a "szabályok betartásával" hosszú évekig megőrzik szépségüket. FONTOS: Az ékszereket soha ne fújjuk le parfümmel, fürdésnél vegyük le, uszodába ne hordjuk! (A különféle vegyszeres anyagokat azért nem szeretik. :D ) Más divatékszerekhez képest sokkal nagyobb kopásállósággal rendelkeznek, nikkel és ólommentesek, így fémallergiások is bátran viselhetik őket."
"EK8212";"A gold filled ékszerek tartós technológiával készült divatékszerek, melyek az aranyozott ékszerek minőségi, felső kategóriáját képviselik. Megszólalásig hasonlítanak az igazi aranyra, és a "szabályok betartásával" hosszú évekig megőrzik szépségüket. FONTOS: Az ékszereket soha ne fújjuk le parfümmel, fürdésnél vegyük le, uszodába ne hordjuk! (A különféle vegyszeres anyagokat azért nem szeretik. :D ) Más divatékszerekhez képest sokkal nagyobb kopásállósággal rendelkeznek, nikkel és ólommentesek, így fémallergiások is bátran viselhetik őket."
"EK8478";"A gold filled ékszerek tartós technológiával készült divatékszerek, melyek az aranyozott ékszerek minőségi, felső kategóriáját képviselik. Megszólalásig hasonlítanak az igazi aranyra, és a "szabályok betartásával" hosszú évekig megőrzik szépségüket. FONTOS: Az ékszereket soha ne fújjuk le parfümmel, fürdésnél vegyük le, uszodába ne hordjuk! (A különféle vegyszeres anyagokat azért nem szeretik. :D ) Más divatékszerekhez képest sokkal nagyobb kopásállósággal rendelkeznek, nikkel és ólommentesek, így fémallergiások is bátran viselhetik őket."
"EK8480";"A gold filled ékszerek tartós technológiával készült divatékszerek, melyek az aranyozott ékszerek minőségi, felső kategóriáját képviselik. Megszólalásig hasonlítanak az igazi aranyra, és a "szabályok betartásával" hosszú évekig megőrzik szépségüket. FONTOS: Az ékszereket soha ne fújjuk le parfümmel, fürdésnél vegyük le, uszodába ne hordjuk! (A különféle vegyszeres anyagokat azért nem szeretik. :D ) Más divatékszerekhez képest sokkal nagyobb kopásállósággal rendelkeznek, nikkel és ólommentesek, így fémallergiások is bátran viselhetik őket."
